nombre,rfc,empresa,direccion,codigo_postal,telefono,email,tipo
SR. HERMELINDO RIVEROS LOPEZ,,,,,,,Fisica
OSCAR GABRIEL ANDRADE,,,,,,,Fisica
OSCAR GABRIEL ANDRADE,,,,,,,Fisica
JOSE MIGUEL HUERTA GARCIA ,HUGM920224351,JOSE MIGUEL HUERTA GARCIA ,,,,,Fisica
JOSE MIGUEL HUERTA ,,,,,,,Fisica
REYES VERGARA,,,,,,,Fisica
MARCO ANTONIO FERNANDEZ,,,PACHUCA HIDALGO,,771 509 0716,,Fisica
LEONEL NAVA VARGAS,,,,,797 106 6888,,Fisica
SIRILO ORTEGA LUNA,,,,,,,Fisica
ALFREDO SANCHEZ,,,TULANCINGO HGO.,,771 266 7692,,Fisica
JORGE VILLEGAS,,GRUPO INTEROCEANICO TERRESTRE,JUCHITAN OAXACA MEXICO,,951 157 1007,,Fisica
ING. IVAN VARGAS,,,ZACATLAN PUEBLA,,222 132 7067,,Fisica
MARTIN CASTAÑEDA,,,,,241 195 0805,,Fisica
JOSE ANTONIO LOPEZ AMADOR,,,,,442 467 1061,,Fisica
ARTEMIO RIVAS,,,,,,,Fisica
MANUEL HERNANDEZ VARGAS,,,,,776 110 8200,,Fisica
MOISES HERNANDEZ,,,CHIGNAHUAPAN PUEBLA,,797 102 1473,,Fisica
EVA CORTEZ ORTEGA,,,,,776 101 1063,,Fisica
JOSE ARMANDO JIMENEZ MALDONADO,,,,,797 155 2240,,Fisica
VENANCIO DOMINGUEZ,,EXPRES DOAVAL,,,776 767 0499,,Fisica
VICTOR ALFONSO GONZALEZ MAIZ,,,,,775 103 4457 CONTACTO CESAR LIRA,,Fisica
JAIME GARCIA,,,,,442 327 3548,,Fisica
DANIEL CORTEZ,,,,,,,Fisica
MIGUEL VARGAS,,,PEDRO ESCOBEDO QUERETARON MEX.,,442 157 0865,,Fisica
ABEL HERNANDEZ,,,,,,,Fisica
YOVANY VALDEZ,,,,,55 3030 2266,,Fisica
FRANCISCO GONZALEZ,,,,,,,Fisica
MANUEL MELENDEZ VENTURA,,,,,773 103 0083,,Fisica
JESUS BONILLA,,,,,5573749806,,Fisica
MIGUEL DAVILA,,,,,,,Fisica
FERNANDO AGUILAR,,,,,,,Fisica
GAVINO MALDONADO,,,,,776 110 4595,,Fisica
BERNARDO VERGARA,,,,,55 3648 9630,,Fisica
PASCUAL AGUILAR,,,,,,,Fisica
MA. DE LOURDES GARRIDO GALINDO,,,,,5624 3861 88,,Fisica
RAFAEL ROJAS,,POTRILLOS,,,776 767 8645,facturas_rrc@hotmail.com,Fisica
EDUARDO GARRIDO,,,,,797 112 5749,,Fisica
FRANCISCO ORTEGA BARRERA,,MORGAN,,,,,Fisica
ARMANDO PONCE PLATA,,,,,,,Fisica
JAIME EMILIO MUÑOZ RAMOS,,,,,,,Fisica
MARCIAL CASTRO,,,,,,,Fisica
RICARDO MARTINEZ,,,,,,,Fisica
NALLELY DE LOS ANGELES VEGA ROLDAN,,,,,,,Fisica
Jose Carlos Ruiz,,,,,,,Fisica
EFRAIN SANCHEZ,,,,,,,Fisica
BRYAN HERNANDEZ,,,,,,,Fisica
JOSE MALDONADO,,,,,,,Fisica
REYMUNDO PEREZ,,,,,,,Fisica
ALBERTO EZPINOZA IRAPUATO,,,,,462 590 8532,,Fisica
DARIO GONZALEZ MARTINEZ,GOMD880308TWA,DARIO GONZALEZ MARTINEZ,CONOCIDO LA BOVEDA ACAXOCHITLAN HIDALGO MEX,43734,,,Fisica
ANGEL ROJAS,,,,,,,Fisica
JUAN ALCANTARA,,,,,,,Fisica
TRANSPORTES DYDE,,,,,,,Fisica
DIANA O VICTOR AGUILAR LOPEZ,,,,,,,Fisica
CESAR DURANTE PONCE,,,,,,,Fisica
HERIBERTO ROLDAN LOZADA,ROLH810209855,HERIBERTO ROLDAN LOZADA,"RAYON 18, CENTRO ACAXOCHITLAN HIDALGO MEXICO",43730,,,Fisica
ERICK ZAMORA SERRANO,ZASE870718MS8,ERICK ZAMORA SERRANO,"CALLE NUEVA No. EXT.8 CENTRO SANTA ANA NOPALUCAN, TLAXCALA, MEXICO",90135,,,Fisica
LAURA NAYELI ZALETA MATIAS,ZAML880212EJ6,LAURA NAYELI ZALETA MATIAS,"LOC. LA BOVEDA S/N LA BOVEDA, ACAXOCHITLAN, HIDALGO, MEXICO",43734,,,Fisica
KAERI ESTRADA CRUZ,EACK8605182Y5,KAERI ESTRADA CRUZ,"CAPULIN PTE 100 CUANALA, JUAN C. BONILLA, PUEBLA, MEXICO",72640,,transportesllc_2012@hotmail.com,Fisica
ANABERTHA ESCALONA ALVARADO,EAAA830703GF8,ANABERTHA ESCALONA ALVARADO,"SINALOA 14, HUITZILA TIZAYUCA, HIDALGO, MEXICO",43820,,,Fisica
ALVARO AGUILAR VAZQUEZ,AUVA770904D30,ALVARO AGUILAR VAZQUEZ,"PRINCIPAL S/N LA ESTACION, AHUAZOTEPEC, PUELA, MEXICO",73191,,,Fisica
GUSTAVO ORTEGA,LGC120420SE7,LOGISTICA GO CARGO,"ZURITA 55, TEQUISISTLAN TEZOYUCA, EDO MEX. MEXICO",56020,,,Fisica
NOE CORTEZ ORTEGA,COON900830E40,NOE CORTEZ ORTEGA,"CARRETERA A CUAUTEPEC 20, EL CALVARIO AHUAZOTEPEC, PUEBLA, MEXICO",73180,,noecortez1990@outlook.com,Fisica
RAMON ROLDAN,AUT150915BG6,AUTOFLETES3RS,"HACIENDA DE OJUELOS MZ 832 LT 15, EMILIO CHUAYFET NEZAHUALCOYOTL, EDO. MEX. MEXICO",57130,,,Fisica
MA. MATILDE MEJIA CASTRO,MECM620314MV0,MA. MATILDE MEJIA CASTRO,"CUATROCIENEGAS 115, GUADALUPE AHMSA MONCLOVA, COAHUILA, MEXICO",25750,,,Fisica
CONSTANTINO PABLO ISLAS HERNANDEZ,IAHC930512EE1,CONSTANTINO PABLO ISLAS HERNANDEZ,"20 DE NOVIEMBRE 21, COL: CENTRO VENTA GRANDE, HUAUCHINANGO, PUEBLA MEXICO",73160,,,Fisica
RAFAEL AGUILAR VAZQUEZ,AUVR7512105E5,RAFAEL AGUILAR VAZQUEZ,"PRINCIPAL S/N LA ESTACION, AHUAZOTEPEC, PUELA, MEXICO",73180,,,Fisica
JESUS GARCIA ORTIZ,GAOJ810616D10,JESUS GARCIA ORTIZ,"AHUAZOTEPEC, PUEBLA, MEXICO",73180,,jesgar81@hotmail.com,Fisica
LUCINA YANERI CRUZ GARCIA,CUGL810822E84,LUCINA YANERI CRUZ GARCIA,"CARRETERA ESTATAL PACHUCA-CD.-SAHAGÚN KM. 29, ACELOTLA DE OCAMPO ZEMPOALA, HIDALGO, MEXICO",43835,,,Fisica
ESTEBAN GONZALEZ ORTEGA,GOOE4812263Y0,ESTEBAN GONZALEZ ORTEGA,"AV. DE LOS TECNICOS 14, EL PARAISO HUAUCHINANGO, PUEBLA, MEXICO",73176,,,Fisica
ELIZABETH MUÑOZ DOMINGUEZ,MUDE980424687,ELIZABETH MUÑOZ DOMINGUEZ,"EMILIANO ZAPATA S/N, CENTRO AHUAZOTEPEC, PUEBLA, MEXICO",73180,,,Fisica
IRENE YAÑEZ MARQUEZ,YAMI571013VB3,IRENE YAÑEZ MARQUEZ,"MORELOS ESQUINA CON CALLE NARANJA S/N , CENTRO ACATLAN, HIDALGO, MEXICO",43540,,,Fisica
NICOLAS URIBE GAYOSSO,UIGN841124EC9,NICOLAS URIBE GAYOSSO,"FRANCISCO CRAVIOTO SUR 69, CENTRO AHUAZOTEPEC, PUEBLA, MEXICO",73180,,,Fisica
ALONSO CUEVAS,TGG0610132E4,TRANSPORTADORA GRUPO GYM,"CARRETERA QUERETARO S.L.P  KM 21 3, COL: ROSA DE JAUREGUI QUERETARO, QUERETARO, MEXICO",76220,,,Fisica
GRUPO LOZAGUI SA DE CV,GLO1912025A1,GRUPO LOZAGUI,"MELCHOR OCAMPO 117, CENTRO TULANCINGO DE BRAVO HIDALGO MEXICO",43600,,,Fisica
OSCAR ORTEGA DE LA FUENTE,OEFO840812FQ5,OSCAR ORTEGA DE LA FUENTE,"ADOFO MATEOS Mz. 9, Lt.16, GUSTAVO BAZ PRADA ECATEPEC DE MORELOS, ED. MEX, MEXICO",55050,,,Fisica
EFREN MUÑOZ AGUILAR,MUAE690510CQ7,EFREN MUÑOZ AGUILAR,"AVENIDA FRANCISCO CRAVIOTO SUR 101, COL: SEGUNDA SECCION AHUAZOTEPEC, PUEBLA, MEXICO",73180,,,Fisica
MARIA AIDA GARCIA BACA,GABA7107218S1,MARIA AIDA GARCIA BACA,"FUENTES DE LOS FRAILES 11 COL: MORATILLA PUEBLA, PUEBLA, MEXICO",72110,,,Fisica
DANIELA GARRIDO GUERRA,GAGD010911TT3,DANIELA GARRIDO GUERRA,"5 De Febrero No. 305, COL: CENTRO TULANCINGO DE BRAVO HIDALGO MEXICO",43600,,danielagarridoguerra@gmail.com,Fisica
RENE CORTEZ  ORTEGA,COOR810901LS6,RENE CORTEZ ORTEGA,"CAMINO A CUAUTEPEC 1 EL CALVARIO AHUAZOTEPEC, PUEBLA, MEXICO",73180,,renecortez2010@hotmail.com,Fisica
HEBERTO HERNANDEZ,,,,,,,Fisica
ALVARO ORTEGA BARRERA,OEBA690629NK3,ALVARO ORTEGA BARRERA,"MIGUEL HIDALGO 8, CENTRO AHUZOTEPEC, PUEBLA, MEXICO",73180,,,Fisica
LEONARDO ISLAS AVILA,IAAL690505TL8,LEONARDO ISLAS AVILA,"ALVARO OBREGON 16, CENTRO SANTA MONICA, EPAZOYUCAN, HIDALGO, MEXICO",43590,,,Fisica
RODOLFO LUNA LUNA,LULR690815M76,RODOLFO LUNA LUNA,"CALLE PRINCIPAL S/N, METEPEC ZACATLAN, PUEBLA, MEXICO",73310,797 116 7130,,Fisica
MARIA LAURA LOPEZ LUNA,LOLL670929C64,MARIA LAURA LOPEZ LUNA,"POSTE 70 S/N ZACATLAN, PUEBLA, MEXICO",73310,,,Fisica
ALEXA AGUILAR SUAREZ,AUSA9802089K0,ALEXA AGUILAR SUAREZ,"TOMAS ALVA EDISON 1, COL: ESTRELLA TULANCINGO DE BRAVO HIDALGO MEXICO",43660,,transportes.vosa@outlook.com,Fisica
ANTONIO GONZALEZ ORTIZ,GOOA9602196R5,ANTONIO GONZALEZ ORTIZ,"CARR.TULANCINGO HUASCA KM 11, COL: METEPEC 1 ACATLAN, HIDALGO, MEXICO",43540,,,Fisica
ARDELIO SALAS ISLAS,SAIA660127CIA,ARDELIO SALAS ISLAS,"Calle Francisco I. Madero S/N COL: CENTRO AHUAZOTEPEC, PUEBLA, MEXICO",73180,,,Fisica
IVAN GONZALEZ GUTIERREZ,GOGI910714CB4,IVAN GONZALEZ GUTIERREZ,"AV. DE LOS TECNICOS 14, EL PARAISO HUAUCHINANGO, PUEBLA, MEXICO",73176,776 105 7542,ivanglezgtz_14@hotmail.com,Fisica
FILIBERTA MUÑOZ RODRIGUEZ,MURF700822GX3,FILIBERTA MUÑOZ RODRIGUEZ,"LOS PINOS S/N, DE PUEBLA SANTA ANA NOPALUCAN, TLAXCALA, MEXICO",90139,,,Fisica
PEDRO DOMINGUEZ ROSAS,DORP701118A83,PEDRO DOMINGUEZ ROSAS,"AV. DON LUIS ESQ. ALFA No. 6, FRACC. BELLA VISTA HUAUCHINANGO, PUEBLA, MEXICO",73160,776 767 8094,transportesdominguez2@outlook.com,Fisica
GERMAN MORALES OBREGON,MOOG951007PF2,GERMAN MORALES OBREGON,"CISNES NORTE MANZANA 17 LOTE 5, VILLAS DE PACHUCA PACHUCA DE SOTO, HIDALGO, MEXICO",42083,,,Fisica
JAIME ROJAS CRUZ,ROCJ730119ND6,JAIME ROJAS CRUZ,"CAMINO A CUAUTEPEC S/N, EL CALVARIO AHUAZOTEPEC, PUEBLA, MEXICO",73180,,,Fisica
ARTEMIO MARTINEZ CASTILLA,MACA821225F3A,ARTEMIO MARTINEZ CASTILLA,"CARRETERA 350, COL: LAS LAJAS ZACATLAN, PUEBLA, MEXICO",73310,,artemiomartinez25c@gmail.com,Fisica
LUCIANO MALDONADO MORALES,MAML730303GW0,LUCIANO MALDONADO MORALES,"3A SECCION AHUACATLA AHUAZOTEPEC, PUEBLA, MEXICO",73180,,,Fisica
GENARO GONZALEZ GUZMAN,GOGG710919IW3,GENARO GONZALEZ GUZMAN,MORELOS No. Ext. 23-C BERISTAIN AHUAZOTEPEC PUEBLA MEXICO,73190,,beris3g@hotmail.com,Fisica
EFRAIN MARTINEZ MARTINEZ,MAMX8406264P6,EFRAIN MARTINEZ MARTINEZ,"JUSTO SIERRA 22, COL: AHUAZOTEPEC AHUAZOTEPEC, PUEBLA, MEXICO",73180,,,Fisica
ESMERALDA SOLEDAD CORTES FLORES,COFE700426L95,ESMERALDA SOLEDAD CORTES FLORES,"GUMERSINDO M HERNANDEZ 27 TLAXCO, TLAXCALA, MEXICO",90250,,,Fisica
CESAR  VALDEZ MARTINEZ,VAMC751101LLA,CESAR  VALDEZ MARTINEZ,"IGNACIO ZARAGOZA ORIENTE 12, COL: CENTRO AHUAZOTEPEC, PUEBLA, MEXICO",73180,,noe_wiskly@hotmail.com,Fisica
EDITH HERNANDEZ DOMIGUEZ,HEDE8302112N6,EDITH HERNANDEZ DOMIGUEZ,"PRIVADA DE INDEPENDENCIA S/N, COL: EL POSITO ZACATLAN, PUEBLA, MEXICO",73310,,,Fisica
ZENON VARGAS LOPEZ,VALZ680708EB3,ZENON VARGAS LOPEZ,"CONOCIDO S/N FERRERIA DE APULCO, METEPEC, HIDALGO, MEXICO",43411,,,Fisica
AMANDO ORTEGA DE LA FUENTE,OEFA821029C78,AMANDO ORTEGA DE LA FUENTE,"ADOLFO LOPEZ MATEOS MZ 9 LT 16 ECATEPEC DE MORELOS, ED. MEX, MEXICO",55050,,facturacion.ortega@gmail.com,Fisica
MARGARITA SOTO DOMINGUEZ,SODM651106KL3,MARGARITA SOTO DOMINGUEZ,"IGNACIO ZARAGOZA PONIENTE, 3, CENTRO AHUAZOTEPEC, PUEBLA, MEXICO",73180,,sotodominguez450@gmail.com,Fisica
JAVIER GAYOSSO OLVERA,GAOJ741006L67,JAVIER GAYOSSO OLVERA,"FRANCISCO CESAR MORALES MZ 123, SANTA MARTHA ACATITLA IZTAPALAPA, CD MEXICO, MEXICO",_0951,,,Fisica
HELIBERIO ORTEGA MARTINEZ,OEMH6409233V4,HELIBERIO ORTEGA MARTINEZ,"CLAVEL 39, SANTA ROSA DE JAUREGUI QUERETARO, QUERETARO, MEXICO",76220,,,Fisica
ALDO ROJAS RAMIREZ,RORA9809094R0,ALDO ROJAS RAMIREZ,"CORREGIDORA, 8, CENTRO BERISTAIN AHUAZOTEPEC PUEBLA MEXICO",73180,,,Fisica