,,,Costo,Serigrafía,Costo con serigrafía,,Gastos,Costo total (nosotros),Costo al cliente,Costo por pieza
,,Lapicero,3,1,4,,300,5500,9000,6.9230769230769234
PLANA 40 FT 2 EJES CON RETRACTIL ,,,,,,,,,,,
PROCESO ,CANTIDAD ,PRODUCTOS ,ESTATUS ,PROVEEDOR 1,PRECIO,PROVEEDOR 2,PRECIO,PROVEEDOR 3,PRECIO,PROVEEDOR 4,PRECIO
PASO 1 ,0.5,CONSUMIBLE 65,CORTE DE PLACA ,EL BENJA ,,FERREPECIO ,,,,,
,1,DISCO DE DESBASTE 9,ESMERILAR PLACAS,EL BENJA ,,FERREPECIO ,,,,,
PASO 2 ,0.5,CO2,UNION DE SOLERAS ,EL BENJA ,,,,,,,
,1,ROLLO DE MICRO ALAMBRE,UNION DE SOLERAS ,EL BENJA ,,FERREPECIO ,,,,,
,1,DISCO DE CORTE 7,UNION DE SOLERAS ,EL BENJA ,,FERREPECIO ,,,,,
,0.25,CONSUMIBLE 65,UNION DE SOLERAS ,EL BENJA ,,,,,,,
PASO 3,1,PERNO REY 3/8,PLANCHA ,PJ,,PROMARE,,AZNOR,,,
,0.25,CONSUMIBLE 65,PUENTES Y BORDAS ,EL BENJA ,,,,,,,
,0.25,ROLLO DE MICRO ALAMBRE,PUENTES Y BORDAS ,EL BENJA ,,FERREPECIO ,,,,,
,0.25,CO2,PUENTES Y BORDAS ,EL BENJA ,,,,,,,
,0.25,OXIGENO ,PUENTES Y BORDAS ,EL BENJA ,,,,,,,
,0.25,DISCO LAMINADO 7,PUENTES Y BORDAS ,EL BENJA ,,FERREPECIO ,,,,,
,0.25,DISCO DE CORTE 7,PUENTES Y BORDAS ,EL BENJA ,,FERREPECIO ,,,,,
,0.5,DISCO DE DESBASTE 9,PUENTES Y BORDAS ,EL BENJA ,,FERREPECIO ,,,,,
,,,,,,,,,,,
PASO 4,38,CARGADORES 4X 102 IN ,"CARGADOR, BORDAD LATERALES, BUCHACAS, GANCHO, TUBO, ALETAS ",PJ,,PROMARE,,AZNOR,,CADECO,
,0.5,DISCO LAMINADO 7,,EL BENJA ,,FERREPECIO ,,,,,
,0.5,DISCO DE CORTE 7,,EL BENJA ,,FERREPECIO ,,,,,
,0.5,DISCO DE DESBASTE 9,,EL BENJA ,,FERREPECIO ,,,,,
,0.25,OXIGENO ,,EL BENJA ,,FERREPECIO ,,,,,
,0.5,ROLLO DE MICROALAMBRE ,,EL BENJA ,,FERREPECIO ,,,,,
,0.25,CO2 ,,EL BENJA ,,FERREPECIO ,,,,,
PASO 5,0.5,DISCO LAMINADO 7,"RESOLDE, RETRACTIL Y SUSPENSIÓN ",EL BENJA ,,FERREPECIO ,,,,,
,0.5,DISCO DE CORTE 7,"RESOLDE, RETRACTIL Y SUSPENSIÓN ",EL BENJA ,,FERREPECIO ,,,,,
,0.5,DISCO DE DESBASTE 9,"RESOLDE, RETRACTIL Y SUSPENSIÓN ",EL BENJA ,,FERREPECIO ,,,,,
,1,ROLLO DE MICROALAMBRE ,"RESOLDE, RETRACTIL Y SUSPENSIÓN ",EL BENJA ,,FERREPECIO ,,,,,
,0.5,CO2 ,"RESOLDE, RETRACTIL Y SUSPENSIÓN ",EL BENJA ,,FERREPECIO ,,,,,
,1 PZA,TIPO DE SISTEMA RETRACTIL ,,,,,,,,,
,1,SISTEMA RETRACTIL GRANDE ,SUSPENSION ALTA ,PJ,,PROMARE,,AZNOR,,CADECO,
,1,SISTEMA RETRACTIL CHICO ,SUSPENSION NORMAL,PJ,,PROMARE,,AZNOR,,CADECO,
,,,,,,,,,,,
,2 PARES ,TIPO DE SUSPENSION ,,,,,,,,,
,1 SUSPENSION HENDRICKSON HT300US ( SUSPENSION ALTA) COMPONENTE ,,,,,,,,,,
,2,PIERNAS IZQUIERDA Y DERECHA ,COMPONENTE,PJ,,PROMARE,,AZNOR,,,
,2,PLATOS IZQUIERDO Y DERECHO ,COMPONENTE,PJ,,PROMARE,,AZNOR,,,
,2,AMORTIGUADOR HENDRICKSON 23743 ,COMPONENTE,PJ,,PROMARE,,AZNOR,,,
,2,AMORTIGUADOR MONRROE 65512,SUSTITUTO,PJ,,PROMARE,,AZNOR,,,
,2,CAMARA DE SUSPENSION HENDRICKSON C-25319 O R14-152 ,COMPONENTE,PJ,,PROMARE,,AZNOR,,,
,2,RONDANAS CENTRICAS HENDRICKSON ,COMPONENTE,PJ,,PROMARE,,AZNOR,,,
,2,RONDANAS EXCENTRICAS HENDRICKSON ,COMPONENTE,PJ,,PROMARE,,AZNOR,,,
,2,BUJE TRIFUNCIONAL CON TORNILLO ,COMPONENTE,PJ,,PROMARE,,AZNOR,,,
,4,ABRAZADERAS HENDRICKSON ,COMPONENTE,PJ,,PROMARE,,AZNOR,,,
,1 SUSPENSION HENDRICKSON HT300 ( SUSPENSION NORMAL) COMPONENTE ,,,,,,,,,,
,2,PIERNAS IZQUIERDA Y DERECHA ,COMPONENTE ,PJ,,PROMARE,,AZNOR,,,
,2,PLATOS IZQUIERDO Y DERECHO ,COMPONENTE ,PJ,,PROMARE,,AZNOR,,,
,2,AMORTIGUADOR HENDRICKSON 20126 ,COMPONENTE ,PJ,,PROMARE,,AZNOR,,,
,2,CAMARA DE SUSPENSION HENDRICKSON R14-083-38 ,COMPONENTE ,PJ,,PROMARE,,AZNOR,,,
,2,RONDANAS CENTRICAS HENDRICKSON ,COMPONENTE ,PJ,,PROMARE,,AZNOR,,,
,2,RONDANAS EXCENTRICAS HENDRICKSON ,COMPONENTE ,PJ,,PROMARE,,AZNOR,,,
,2,BUJE TRIFUNCIONAL CON TORNILLO 7/8,COMPONENTE ,PJ,,PROMARE,,AZNOR,,,
,4,ABRAZADERAS HENDRICKSON ,COMPONENTE ,PJ,,PROMARE,,AZNOR,,,
,1 SUSPENSION FLET MASTER HT300 ( SUSPENSION NORMAL) COMPONENTE ,,,,,,,,,,
,2,PIERNAS IZQUIERDA Y DERECHA ,COMPONENTE ,PJ,,,,AZNOR,,,
,2,PLATOS IZQUIERDO Y DERECHO ,COMPONENTE ,PJ,,,,AZNOR,,,
,2,CAMARA DE SUSPENSION FLET MASTER 8050,INDEPENDIENTE ,PJ,,,,AZNOR,,,
,2,CAMARA DE SUSPENSION AMPRO 1R14-039,SUSTITUTO,PJ,,,,AZNOR,,,
,2,CAMARA DE SUSPENSION FCR 1R14-039,SUSTITUTO,PJ,,,,AZNOR,,,
,2,AMORTIGUADOR FLET MASTER 323,INDEPENDIENTE ,PJ,,,,AZNOR,,,
,2,AMORTIGUADOR FCR,SUSTITUTO,PJ,,,,AZNOR,,CADECO,
,2,AMORTIGUADOR GABRIEL ,SUSTITUTO,PJ,,,,AZNOR,,,
,4,ABRAZADERAS FLET MASTER ,INDEPENDIENTE ,PJ,,,,AZNOR,,,
,2,RONDANAS CENTRICAS HENDRICKSON ,INDEPENDIENTE ,PJ,,,,AZNOR,,,
,2,RONDANAS EXCENTRICAS HENDRICKSON ,INDEPENDIENTE ,PJ,,,,AZNOR,,,
,4,BUJE TRIFUNCIONAL HENDRICKSON 7/8,INDEPENDIENTE ,PJ,,,,AZNOR,,,
,1 SUSPENSION AMPRO HT300 ( SUSPENSION NORMAL) COMPONENTE ,,,,,,,,,,
,2,PIERNAS IZQUIERDA Y DERECHA ,COMPONENTE ,,,PROMARE,,,,,
,2,PLATOS IZQUIERDO Y DERECHO ,COMPONENTE ,,,PROMARE,,,,,
,2,CAMARA DE SUSPENSION AMPRO 8050,COMPONENTE ,,,PROMARE,,,,,
,2,AMORTIGUADOR GABRIEL ,COMPONENTE ,,,PROMARE,,,,,
,4,ABRAZADERAS AMPRO,COMPONENTE ,,,PROMARE,,,,,
,2,RONDANAS CENTRICAS ,COMPONENTE ,,,PROMARE,,,,,
,2,RONDANAS EXCENTRICAS ,COMPONENTE ,,,PROMARE,,,,,
,4,BUJE TRIFUNCIONAL ,COMPONENTE ,,,PROMARE,,,,,
,1 SUSPENSION FCR HT300 ( SUSPENSION NORMAL) COMPONENTE ,,,,,,,,,,
,2,PIERNAS IZQUIERDA Y DERECHA ,COMPONENTE ,,,,,,,CADECO,
,2,PLATOS IZQUIERDO Y DERECHO ,COMPONENTE ,,,,,,,CADECO,
,2,CAMARA DE SUSPENSION AMPRO 8050,COMPONENTE ,,,,,,,CADECO,
,2,AMORTIGUADOR GABRIEL ,COMPONENTE ,,,,,,,CADECO,
,4,ABRAZADERAS AMPRO,COMPONENTE ,,,,,,,CADECO,
,2,RONDANAS CENTRICAS ,COMPONENTE ,,,,,,,CADECO,
,2,RONDANAS EXCENTRICAS ,COMPONENTE ,,,,,,,CADECO,
,4,BUJE TRIFUNCIONAL ,COMPONENTE ,,,,,,,CADECO,
PASO 6 ,3,TORNILLO ALLEN 1/2X1 1/2 ,CAJA DE HERRAMIENTA Y PORTA LLANTA ,EL BENJA ,,FERREPRECIOS ,,,,,
,3,TUERCA ESTANDAR 1/2 GRADO 5,CAJA DE HERRAMIENTA Y PORTA LLANTA ,EL BENJA ,,FERREPRECIOS ,,,,,
,44,TORNILLO 5/8X1 1/2 GRADO 5 ,2 PARES DE PATINES ,EL BENJA ,,FERREPRECIOS ,,,,,
,44,TUERCA ESTANDAR 5/8 GRADO 5,2 PARES DE PATINES ,EL BENJA ,,FERREPRECIOS ,,,,,
,2 PARES ,TIPO DE PATIN ,,,,,,,,,
,2,PATIN AMPRO ,,PROMARE ,,,,,,,
,2,PATIN HOLAND MARK V ,,PJ,,AZNOR,,PROMARE,,,
,2,PATIN HJ ,,PJ,,AZNOR,,,,,
,2,PATIN FLET MASTER ,,PJ,,AZNOR,,,,,
,2 PZA,TIPO DE EJE ,,,,,,,,,
,2,EJE FLET MASTER ,,PJ,,AZNOR,,,,,
,2,EJE AMPRO ,,PJ,,AZNOR,,,,,
,2,EJE FCR ,,CADECO ,,,,,,,
,2,EJE PRAT MAX ,,PRAT MAX ,,,,,,,
,2,EJE HJ,,PJ,,AZNOR,,,,,
,,,,,,,,,,,
,1,DISCO LAMINADO 7,,EL BENJA ,,FERREPRECIOS ,,,,,
,1,DISCO DE CORTE 7,,EL BENJA ,,FERREPRECIOS ,,,,,
,0.5,DISCO DE DESBASTE 9,,EL BENJA ,,FERREPRECIOS ,,,,,
,1,CO2 ,,EL BENJA ,,FERREPRECIOS ,,,,,
,0.5,ROLLO DE MICRO ALAMBRE ,,EL BENJA ,,FERREPRECIOS ,,,,,
LIMPIEZA ,2,LIJA #80,,EL BENJA ,,FERREPRECIOS ,,,,,
,1,"CARDA 5/8 DE 3""",,EL BENJA ,,FERREPRECIOS ,,,,,
,1,DISCO LAMINADO 4 1/2,,EL BENJA ,,FERREPRECIOS ,,,,,
,1 L,FOSFATO ,,AXALTA ,,,,,,,
PINTURA ,,TIPO DE PINTURA ,,,,,,,,,
,,PINTURA SHERVI ,,,,,,,,,
,19,PINTURA ,,LA NUEVA ESTRELLA,,,,,,,
,20,THINER ,,LA NUEVA ESTRELLA,,,,,,,
,4.5,TRANSPARENTE ,,LA NUEVA ESTRELLA,,,,,,,
,1,CATALIZADOR ,,LA NUEVA ESTRELLA,,,,,,,
,6,PRAIMER ,,LA NUEVA ESTRELLA,,,,,,,
,6,THINER O REDUCTOR ,,LA NUEVA ESTRELLA,,,,,,,
,,PINTURA PPG,,,,,,,,,
,16,PINTURA ,,PINTURAS DAYMAN,,,,,,,
,15,REDUCTOR ,,PINTURAS DAYMAN,,,,,,,
,2.5,CATALIZADOR ,,PINTURAS DAYMAN,,,,,,,
,7,PRAIMER ,,PINTURAS DAYMAN,,,,,,,
,5,THINER O REDUCTOR ,,PINTURAS DAYMAN,,,,,,,
,,PINTURA AXALTA ,,,,,,,,,
,20,PINTURA ,,AXALTA ,,,,,,,
,15,REDUCTOR ,,AXALTA ,,,,,,,
,2.5,CATALIZADOR ,,AXALTA ,,,,,,,
,6,PRAIMER ,,AXALTA ,,,,,,,
AIRE ,1,KIT ABS ,,,,,,,,,
,1,REDUCCION  3/4 * 1/2,,PRAT MAX ,,TSM,,,,,
,3,REDUCCION  3/8 * 1/4,,PRAT MAX ,,TSM,,,,,
,1,NIPLE 1/4,,PRAT MAX ,,TSM,,,,,
,1,TAPON 3/4,,PRAT MAX ,,TSM,,,,,
,1,TAPON 1/2,,PRAT MAX ,,TSM,,,,,
,3,TAPON 1/4 SUSPENSION FM + 4,,PRAT MAX ,,TSM,,,,,
,1,TAPON 1/8,,PRAT MAX ,,TSM,,,,,
,1,TE UNIO 3/8,,PRAT MAX ,,TSM,,,,,
,6,TE LATERAL 3/8*1/4,,PJ,,PRAT MAX ,,,,,
,1,TE CENTRO 3/8*1/4,,PJ,,PRAT MAX ,,,,,
,6,RECTA 3/8*1/4,,PJ,,PRAT MAX ,,,,,
,12,CODO 3/8*1/4,,PJ,,PRAT MAX ,,,,,
,2,CODO 3/8*1/8,,PJ,,PRAT MAX ,,,,,
,1,CODO 3/8,,PRAT MAX ,,TSM,,,,,
,2,CODO 1/2,,PRAT MAX ,,TSM,,,,,
,8,ADAPTADOR 3/8,,PJ,,PRAT MAX ,,,,,
,8,MACHO 3/8,,PJ,,PRAT MAX ,,,,,
,8,HEMBRA 3/8,,PJ,,PRAT MAX ,,,,,
,1,KIT DE ABS 2 EJES BENDIX,,PJ,,AZNOR,,PROMARE,,,
,1,VALVULA PROTECTORA,,PJ,,PRAT MAX ,,,,,
,1,VALVULA NIVELADORA,,PJ,,PRAT MAX ,,,,,
,1,VALVULA PALANQUETA ,,PJ,,PRAT MAX ,,,,,
,1,VARILLA NIVELADORA,,PJ,,PRAT MAX ,,,,,
,1,VALVULA RETRACTIL SEALCO,,PJ,,PRAT MAX ,,,,,
,1,MANITA AZUL C/LLAVE ,,PJ,,PRAT MAX ,,,,,
,1,MANITA ROJA C/LLAVE ,,PJ,,PRAT MAX ,,,,,
,1,MANITA AZUL S/LLAVE ,,PJ,,PRAT MAX ,,,,,
,1,MANITA ROJA S/LLAVE ,,PJ,,PRAT MAX ,,,,,
,2,ESPARRAGO ,,PJ,,PRAT MAX ,,,,,
,2,TEFLON DE 13 METROS ,,PJ,,PRAT MAX ,,,,,
,38,INCERTO 3/8,,PJ,,PRAT MAX ,,,,,
,2,INCERTO 1/2,,PJ,,PRAT MAX ,,,,,
,30,MANGUERA AZUL 3/8,,PJ,,PRAT MAX ,,,,,
,13,MANGUERA ROJA 3/8,,PJ,,PRAT MAX ,,,,,
,8,MANGUERA CHAMBER 3/8,,PJ,,PRAT MAX ,,,,,
,8,TORNILLO 3/8 X 1 GRADO 8 ,KIT DE TANQUE DE AIRE ,EL BENJA ,,FERREPRECIOS ,,,,,
,8,RONDANA PLANA 3/8,KIT DE TANQUE DE AIRE ,EL BENJA ,,FERREPRECIOS ,,,,,
,8,TUERCA DE SEGURIDAD 3/8,KIT DE TANQUE DE AIRE ,EL BENJA ,,FERREPRECIOS ,,,,,
,2,TORNILLO 5/16 X 5 GRADO 8 ,KIT DE TORNILLOS DE ABS ,EL BENJA ,,FERREPRECIOS ,,,,,
,4,RONDANA PLANA 5/16,KIT DE TORNILLOS DE ABS ,EL BENJA ,,FERREPRECIOS ,,,,,
,2,TUERCA DE SEGURIDAD 5/16,KIT DE TORNILLOS DE ABS ,EL BENJA ,,FERREPRECIOS ,,,,,
,2,TANQUE DE AIRE DE PLANA ,,PJ,,PRAT MAX ,,,,,
,,TIPO DE GANCHO ,,,,,,,,,
,1,GANCHO HOLLAND 10 BARRENOS ,,PJ,,AZNOR ,,PROMARE,,,
,1,GANCHO PREMIER 10 BARRENOS ,,PJ,,AZNOR ,,PROMARE,,,
,1,GANCHO PREMIER BESTIA 6 BARRENOS ,,PJ,,AZNOR ,,PROMARE,,,
,2,TORNILLO 3/4X3 1/2 GRADO 8 ,KIT DE GANCHO ,EL BENJA ,,FERREPRECIOS,,,,,
,6,TORNILLO 3/4X 2 1/2 GRADO 8,KIT DE GANCHO ,EL BENJA ,,FERREPRECIOS,,,,,
,8,TUERCA GRIPCO 3/4,KIT DE GANCHO ,EL BENJA ,,FERREPRECIOS,,,,,
,2,RONDANA AUTOMOTRIZ 3/4,KIT DE GANCHO ,EL BENJA ,,FERREPRECIOS,,,,,
,,TIPO DE BOLSA RETRACTIL ,,,,,,,,,
,1,BOLSA RETRACTIL GRANDE ,PARA SISTEMA RETRACTIL GRANDE ,PJ,,AZNOR ,,PROMARE,,,
,8,TUERCAS DE SEGURIDAD 1/2,PARA SISTEMA RETRACTIL GRANDE ,EL BENJA ,,FERREPRECIOS,,,,,
,2,BOLSA RETRACTIL CHICA UBL ,PARA SISTEMA RETRACTIL CHICO ,PJ,,AZNOR ,,PROMARE,,,
,4,TORNILLO 3/8 X 3/4 GRADO 8,PARA SISTEMA RETRACTIL CHICO ,EL BENJA ,,FERREPRECIOS,,,,,
,4,RONDANAS PLANAS 3/8,PARA SISTEMA RETRACTIL CHICO ,EL BENJA ,,FERREPRECIOS,,,,,
,2,TUERCA ROSCA MILIMETRICA 3/4,PARA SISTEMA RETRACTIL CHICO ,EL BENJA ,,FERREPRECIOS,,,,,
,,,,,,,,,,,
LUZ,2,HEMBRA 7 POLOS ,,PJ,,AZNOR ,,PROMARE,,,
,6,TORNILLO 1/4X1 GALVANIZADO ,HEMBRAS Y PLAFON ABS ,EL BENJA ,,FERREPRECIOS,,,,,
,6,RONDANA PLANA 5/16 ,HEMBRAS Y PLAFON ABS ,EL BENJA ,,FERREPRECIOS,,,,,
,6,TUERCA ESTANDAR 1/4,HEMBRAS Y PLAFON ABS ,EL BENJA ,,FERREPRECIOS,,,,,
,15.9,"CABLE AZUL CAL,12 ",,ELECTROMOTRIZ  GONZALEZ ,,,,,,,
,17.3,"CABLE ROJO CAL,12 ",,ELECTROMOTRIZ  GONZALEZ ,,,,,,,
,22,"CABLE AMARILLO CAL,12 ",,ELECTROMOTRIZ  GONZALEZ ,,,,,,,
,22,"CABLE VERDE CAL,12 ",,ELECTROMOTRIZ  GONZALEZ ,,,,,,,
,28.5,"CABLE CAFÉ CAL,12 ",,ELECTROMOTRIZ  GONZALEZ ,,,,,,,
,15.9,"CABLE NEGRO  CAL,12 ",,ELECTROMOTRIZ  GONZALEZ ,,,,,,,
,25.8,"CABLE NEGRO  CAL,12 ",SI LLEVA LATERALES Y ESTRIBO ,ELECTROMOTRIZ  GONZALEZ ,,,,,,,
,14.5,CORRUGADO 1/2,,ELECTROMOTRIZ  GONZALEZ ,,,,,,,
,2.8,CORRUGADO 3/8,,ELECTROMOTRIZ  GONZALEZ ,,,,,,,
,21.8,CORRUGADO 1/4,,ELECTROMOTRIZ  GONZALEZ ,,,,,,,
,3,CORRUGADO 3/8,SI LLEVA LATERALES Y ESTRIBO ,ELECTROMOTRIZ  GONZALEZ ,,,,,,,
,22.8,CORRUGADO 1/4,SI LLEVA LATERALES Y ESTRIBO ,ELECTROMOTRIZ  GONZALEZ ,,,,,,,
,18,TERMINAL 3/16,PLAFONES PRINCIPALES,ELECTROMOTRIZ  GONZALEZ ,,,,,,,
,2,TERMINAL 1/4,HEMBRAS ,ELECTROMOTRIZ  GONZALEZ ,,,,,,,
,36,TERMINAL 3/16,SI LLEVA LATERALES Y ESTRIBO ,ELECTROMOTRIZ  GONZALEZ ,,,,,,,
,51,REMACHE 3/16 X 5/8,,EL BENJA ,,WURTH,,FERREPRECIOS ,,,
,1,CINTA DE AISLAR ,,EL BENJA ,,PJ,,,,,
,6,PLAFON ROJO 4 ,,TROGRIM ,,,,,,,
,5,PLAFON ROJO 2 ,,TROGRIM ,,,,,,,
,2,PLAFON AMBAR 2 ,,TROGRIM ,,,,,,,
,4,PLAFON AVALADO AMBAR,,TROGRIM ,,,,,,,
,20,PLAFON DE CARRITO AMBAR ,LATERALES ,TROGRIM ,,,,,,,
,16,PLAFON DE CARRITO ROJO,ESTRIBO ,TROGRIM ,,,,,,,
,72,TORNILLO 1/8X 1 1/4,SI LLEVA LATERALES Y ESTRIBO ,EL BENJA ,,PJ,,,,,
,72,TUERCA ESTANDAR 1/8,SI LLEVA LATERALES Y ESTRIBO ,EL BENJA ,,PJ,,,,,
TERMINADO ,2,LODERA BLANCA O NEGRA ,,PUEBLA LODERAS ,,PJ,,GUILLERMO ,,,
,2,FLEJE ,,JAIRO ,,,,,,,
,8,TORNILLO 1/4X1 ACERO INOXIDABLE ,TORNILLERIA DE LODERA,EL BENJA ,,FERRE PRECIOS ,,,,,
,8,TUERCA DE SEGURIDAD 1/4,TORNILLERIA DE LODERA,EL BENJA ,,FERRE PRECIOS ,,,,,
,2,TOPE DE HULE  3 BARRENOS ,,ESPECIALIDADES DE HULE ,,,,,,,
,6,TORNILLO 1/2 X 2 1/2 GALVANIZADO ,TORNILLERIA DE TOPE ,EL BENJA ,,FERRE PRECIOS ,,,,,
,6,TUERCA ESTANDAR  1/2 GALVANIZADA ,TORNILLERIA DE TOPE ,EL BENJA ,,FERRE PRECIOS ,,,,,
,6,RONDANA PLANA 1/2,TORNILLERIA DE TOPE ,EL BENJA ,,FERRE PRECIOS ,,,,,
,20,WINCHES ,,PJ,,AZNOR,,PROMARE,,,
,2,TORNILLO 1/2X 1 3/4,TORNILLERIA DE RIEL ,EL BENJA ,,FERRE PRECIOS ,,,,,
,2,TUERCA DE SEGURIDAD 1/2,TORNILLERIA DE RIEL ,EL BENJA ,,FERRE PRECIOS ,,,,,
,1,KIT DE ROTULACION ,,PUEBLA LODERAS ,,PJ,,GUILLERMO ,,,
,1,CINTA REFLEJANTE ,,PUEBLA LODERAS ,,PJ,,GUILLERMO ,,,
,1,PLACA DE NIP ,,GUILLERMO ,,,,,,,
,4,TORNILLO 1/4X1 ACERO INOXIDABLE ,TORNILLERIA DE PORTA PLACA ,EL BENJA ,,FERRE PRECIOS ,,,,,
,4,TUERCA DE SEGURIDAD 1/4,,EL BENJA ,,FERRE PRECIOS ,,,,,
,,,,,,,,,,,
EXTRAS ,444,TORNILLO CABEZA DE COCHE 1/4 X 1 1/2,JUEGO DE REDILAS ,EL BENJA ,,FERRE PRECIOS ,,,,,
,444,TUERCA ESTANDAR 1/4,JUEGO DE REDILAS ,EL BENJA ,,FERRE PRECIOS ,,,,,
,444,RONDANA PLANA 5/16,JUEGO DE REDILAS ,EL BENJA ,,FERRE PRECIOS ,,,,,
,48,CHAVETAS 3/16*2,JUEGO DE REDILAS ,EL BENJA ,,FERRE PRECIOS ,,,,,
,20,ESLABONES DE CADENA 1/2,RETRACTIL GRANDE HECHIZO ,EL BENJA ,,FERRE PRECIOS ,,,,,
,1,TORNILLO 5/8*3 GRADO 8 ,RETRACTIL GRANDE HECHIZO ,EL BENJA ,,FERRE PRECIOS ,,,,,
,1,TORNILLO 5/8*5 GRADO 8 ,RETRACTIL GRANDE HECHIZO ,EL BENJA ,,FERRE PRECIOS ,,,,,
,1,TORNILLO 3/4*6 GRADO 8 ,RETRACTIL GRANDE HECHIZO ,EL BENJA ,,FERRE PRECIOS ,,,,,
,1,TUERCA DE SEGURIDAD 3/4,RETRACTIL GRANDE HECHIZO ,EL BENJA ,,FERRE PRECIOS ,,,,,
,2,RONDANA AUTOMOTRIZ 3/4,RETRACTIL GRANDE HECHIZO ,EL BENJA ,,FERRE PRECIOS ,,,,,
,2,TUERCA DE SEGURIDAD 5/8,RETRACTIL GRANDE HECHIZO ,EL BENJA ,,FERRE PRECIOS ,,,,,
,2,RONDANA AUTOMOTRIZ 5/8,RETRACTIL GRANDE HECHIZO ,EL BENJA ,,FERRE PRECIOS ,,,,,
,2,TORNILLO 3/4 X 6 GRADO 8 ,AMORTIGUADOR DE ALTA ,EL BENJA ,,FERRE PRECIOS ,,,,,
,4,TUERCA DE SEGURIDAD 3/4,AMORTIGUADOR DE ALTA ,EL BENJA ,,FERRE PRECIOS ,,,,,
,2,TORNILLO 3/4 X 3  1/2 GRADO 8 ,AMORTIGUADOR DE ALTA ,EL BENJA ,,FERRE PRECIOS ,,,,,
,4,RONDANA AUTOMOTRIZ 3/4,AMORTIGUADOR DE ALTA ,EL BENJA ,,FERRE PRECIOS ,,,,,
,12,CANDADO PARA PLANA ,SI ES MULTIMODAL O PORTA CONTENEDOR ,PJ,,PROMARE,,,,,
,8,CARGADO 3X102 IN,SI ES MULTIMODAL O PORTA CONTENEDOR ,PJ,,PROMARE,,,,,
,,"TIPO DE RINES 24,5 Y 22,5",,,,,,,,,
,8,RIN DE ACERO FLET MASTER ,,PJ,,AZNOR ,,,,,
,8,RIN DE ACERO ACURRAI ,,,,,,,,,
,8,RIN DE ACERO AMPRO ,,PROMARE ,,,,,,,
,8,RIN DE AUMINIO FLET MASTER ,,PJ,,AZNOR ,,,,,
,8,RIN DE AUMINIO FLET MASTER TRAPEZOIDAL ,,PJ,,AZNOR ,,,,,
,8,RIN DE AUMINIO AMPRO ,,PROMARE ,,,,,,,
,8,RIN DE AUMINIO AMPRO MASTER TRAPEZOIDAL ,,PROMARE ,,,,,,,
,,"TIPO DE LLANTAS  24,5 Y 22,5",,,,,,,,,
,8,LLANTA K PATOS LINEAL ,,PJ,,,,,,,
,8,LLANTA K PATOS TRACCION ,,PJ,,,,,,,
,8,LLANTA FIRESTON LINEAL ,,RADIAL LLANTAS ,,EL POTRERO,,,,,
,8,LLANTA GODSHIELD LINEAL ,,RADIAL LLANTAS ,,EL POTRERO,,,,,
DOLLY  CON RETRACTIL ,,,,,,,,,,,
PROCESO ,CANTIDAD ,PRODUCTOS ,ESTATUS ,PROVEEDOR 1,PRECIO,PROVEEDOR 2,PRECIO,PROVEEDOR 3,PRECIO,PROVEEDOR 4,PRECIO
PASO 1 ,2,OREJA ,CUADRO ,PJ,,PROMARE,,AZNOR,,,
,2,BISAGRAS ,CUADRO ,PJ,,PROMARE,,AZNOR,,,
,2,PERNO DE DOLLY ,CUADRO ,PJ,,PROMARE,,AZNOR,,,
,4,BUJE CONICO GRANDE ,CUADRO ,PJ,,PROMARE,,AZNOR,,,
,1,GATA DE MATRACA O TRINQUETE ,LANZA ,PJ,,PROMARE,,AZNOR,,,
,1,DONA HOLLAND ,PARA GANCHO HOLLAND ,PJ,,PROMARE,,AZNOR,,,
,1,DONA PREMIER ,PARA GANCHO PREMIER ,PJ,,PROMARE,,AZNOR,,,
,1,DONA PREMIER PARA GANCHO BESTIA,PARA GANCHO BESTIA ,EL BENJA ,,,,,,,
,6,TORNILLO 5/8X5 GADO 8 ,TORNILLERIA DE DONA ,EL BENJA ,,FERREPECIO ,,,,,
,6,TUERCA GRIPCO 5/8,TORNILLERIA DE DONA ,EL BENJA ,,,,,,,
,12,RONDANA AUTOMOTRIZ 5/8,TORNILLERIA DE DONA ,EL BENJA ,,,,,,,
,1,DISCO LAMINADO 7,ARMADO,EL BENJA ,,FERREPECIO ,,,,,
,1,DISCO DE CORTE 7,ARMADO,EL BENJA ,,FERREPECIO ,,,,,
,1,DISCO DE DESBASTE 9,ARMADO,EL BENJA ,,FERREPECIO ,,,,,
,0.25,CONSUMIBLE 65,ARMADO,EL BENJA ,,FERREPECIO ,,,,,
,1,ROLLO DE MICRO ALAMBRE,ARMADO,EL BENJA ,,FERREPECIO ,,,,,
,1,CO2,ARMADO,EL BENJA ,,FERREPECIO ,,,,,
,0.25,OXIGENO ,ARMADO,EL BENJA ,,FERREPECIO ,,,,,
,1 PZA,TIPO DE SISTEMA RETRACTIL ,,,,,,,,,
,1,SISTEMA RETRACTIL GRANDE ,SUSPENSION ALTA ,PJ,,PROMARE,,AZNOR,,CADECO,
,1,SISTEMA RETRACTIL CHICO ,SUSPENSION NORMAL,PJ,,PROMARE,,AZNOR,,CADECO,
,2 PARES ,TIPO DE SUSPENSION ,,,,,,,,,
,1 SUSPENSION HENDRICKSON HT300US ( SUSPENSION ALTA) COMPONENTE ,,,,,,,,,,
,2,PIERNAS IZQUIERDA Y DERECHA ,COMPONENTE,PJ,,PROMARE,,AZNOR,,,
,2,PLATOS IZQUIERDO Y DERECHO ,COMPONENTE,PJ,,PROMARE,,AZNOR,,,
,2,AMORTIGUADOR HENDRICKSON 23743 ,COMPONENTE,PJ,,PROMARE,,AZNOR,,,
,4,ABRAZADERAS HENDRICKSON ,COMPONENTE,PJ,,PROMARE,,AZNOR,,,
,2,EJE FLET MASTER ,,PJ,,AZNOR,,,,,
,2,EJE AMPRO ,,PJ,,AZNOR,,,,,
,2,EJE FCR ,,CADECO ,,,,,,,
,2,EJE PRAT MAX ,,PRAT MAX ,,,,,,,
LIMPIEZA ,2,LIJA #80,,EL BENJA ,,FERREPRECIOS ,,,,,
,1,"CARDA 5/8 DE 3""",,EL BENJA ,,FERREPRECIOS ,,,,,
PINTURA ,,TIPO DE PINTURA ,,,,,,,,,
,,PINTURA SHERVI ,,,,,,,,,
,4,PINTURA ,,LA NUEVA ESTRELLA,,,,,,,
,6,THINER ,,LA NUEVA ESTRELLA,,,,,,,
,1,TRANSPARENTE ,,LA NUEVA ESTRELLA,,,,,,,
,0.125,CATALIZADOR ,,LA NUEVA ESTRELLA,,,,,,,
,2,PRAIMER ,,LA NUEVA ESTRELLA,,,,,,,
AIRE ,1,KIT ABS ,,,,,,,,,
,1,REDUCCION  3/4 * 1/2,,PRAT MAX ,,TSM,,,,,
,3,REDUCCION  3/8 * 1/4,,PRAT MAX ,,TSM,,,,,
,1,NIPLE 1/4,,PRAT MAX ,,TSM,,,,,
,1,NIPLE 1/2 +1 POR EL TANQUE ,,PRAT MAX ,,TSM,,,,,
,1,TE GALVANIZADA 1/2,,EL BENJA ,,FERREPRECIOS ,,,,,
,3,TAPON 1/4 SUSPENSION FM + 4,,PRAT MAX ,,TSM,,,,,
,1,TAPON 1/8,,PRAT MAX ,,TSM,,,,,
,1,TE LATERAL 3/8*1/4,,PRAT MAX ,,TSM,,,,,
,6,TE CENTRO L 3/8*1/4,,PJ,,PRAT MAX ,,,,,
,1,TE UNION 3/8,,PRAT MAX ,,PRAT MAX ,,,,,
,6,RECTA 3/8*1/4,,PJ,,PRAT MAX ,,,,,
,12,RECTA ½,,PJ,,PRAT MAX ,,,,,
,2,CODO 3/8*1/4,,PJ,,PRAT MAX ,,,,,
,1,CODO 3/8*1/8,,PJ,,PRAT MAX ,,,,,
,2,CODO 1/2 X 1/2,,PRAT MAX ,,TSM,,,,,
,8,ADAPTADOR 3/8,,PJ,,PRAT MAX ,,,,,
,8,MACHO 3/8,,PJ,,PRAT MAX ,,,,,
,8,HEMBRA 3/8,,PJ,,PRAT MAX ,,,,,
,1,KIT DE ABS 2 EJES BENDIX,,PJ,,AZNOR ,,,,,
,1,VALVULA PROTECTORA,,PJ,,PRAT MAX ,,,,,
,1,VALVULA NIVELADORA,,PJ,,PRAT MAX ,,,,,
,1,VALVULA PALANQUETA ,,PJ,,PRAT MAX ,,,,,
,1,VARILLA NIVELADORA,,PJ,,PRAT MAX ,,,,,
,1,VALVULA RETRACTIL SEALCO ,,PJ,,PRAT MAX ,,,,,
,1,TORNILLO 3/8 X 1 1/4 GRADO 8 ,KIT DE TANQUE DE AIRE ,PJ,,PRAT MAX ,,,,,
,1,TUERCA DE SEGURIRAD 3/8,KIT DE TANQUE DE AIRE ,PJ,,PRAT MAX ,,,,,
,1,RONDANA PLANA 3/8,KIT DE TANQUE DE AIRE ,PJ,,PRAT MAX ,,,,,
,1,TORNILLO 5/16 X5 GRADO 8,KIT DE TORNILLOS DE ABS ,PJ,,PRAT MAX ,,,,,
,2,RONDANA PLANA 5/16,KIT DE TORNILLOS DE ABS ,PJ,,PRAT MAX ,,,,,
,2,TUERCA DE SEGURIDAD 5/16,KIT DE TORNILLOS DE ABS ,PJ,,PRAT MAX ,,,,,
,38,MANITA AZUL S/LLAVE ,,PJ,,PRAT MAX ,,,,,
,2,MANITA ROJA S/LLAVE ,,PJ,,PRAT MAX ,,,,,
,30,LLAVE DE PASO 1/2,,EL BENJA ,,FERREPRECIOS ,,,,,
,13,LLAVE DE PASO 1/4,,EL BENJA ,,FERREPRECIOS ,,,,,
,8,ESPARRAGO ,,PJ,,PRAT MAX ,,,,,
,8,TEFLON DE 13 METROS ,,EL BENJA ,,FERREPRECIOS ,,,,,
,8,INCERTO 3/8,,PJ,,PRAT MAX ,,,,,
,8,INCERTO 1/2,,PJ,,PRAT MAX ,,,,,
,20,MANGUERA ROJA 3/8,,PJ,,AZNOR ,,,,,
,8,MANGUERA CHAMBER 3/8,,PJ,,AZNOR ,,,,,
,2,JUEGO DE MANGUERA ESPIRAL AZUL Y ROJA ,,PJ,,AZNOR ,,,,,
,,TIPO DE BOLSA RETRACTIL ,,,,,,,,,
,1,BOLSA RETRACTIL GRANDE ,PARA SISTEMA RETRACTIL GRANDE ,PJ,,AZNOR ,,PROMARE,,,
,8,TUERCAS DE SEGURIDAD 1/2,PARA SISTEMA RETRACTIL GRANDE ,EL BENJA ,,FERREPRECIOS,,,,,
,2,BOLSA RETRACTIL CHICA UBL ,PARA SISTEMA RETRACTIL CHICO ,PJ,,AZNOR ,,PROMARE,,,
,4,TORNILLO 3/8 X 3/4 GRADO 8,PARA SISTEMA RETRACTIL CHICO ,EL BENJA ,,FERREPRECIOS,,,,,
LUZ,1,HEMBRA 7 POLOS ,,PJ,,AZNOR ,,PROMARE,,,
,1,MACHO SOLO 7 POLOS ,,,,,,,,,
,4,TORNILLO 1/4X1 GALVANIZADO ,HEMBRAS Y PLAFON ABS ,EL BENJA ,,FERREPRECIOS,,,,,
,"2,5 M",CABLE 7 POLOS ,,ELECTROMOTRIZ  GONZALEZ ,,PJ,,,,,
,6.6,"CABLE ROJO CAL,12 ",,ELECTROMOTRIZ  GONZALEZ ,,,,,,,
,5,"CABLE AMARILLO CAL,12 ",,ELECTROMOTRIZ  GONZALEZ ,,,,,,,
,4.2,"CABLE VERDE CAL,12 ",,ELECTROMOTRIZ  GONZALEZ ,,,,,,,
,6.6,"CABLE CAFÉ CAL,12 ",,ELECTROMOTRIZ  GONZALEZ ,,,,,,,
,7.5,CORRUGADO 3/8,,ELECTROMOTRIZ  GONZALEZ ,,,,,,,
,6,TERMINAL 3/16,PLAFONES PRINCIPALES,ELECTROMOTRIZ  GONZALEZ ,,,,,,,
,21,REMACHE 3/16 X 5/8,,EL BENJA ,,WURTH,,FERREPRECIOS ,,,
,1,CINTA DE AISLAR ,,EL BENJA ,,PJ,,,,,
,6,PLAFON ROJO 4 ,,TROGRIM ,,,,,,,
TERMINADO ,2,LODERA BLANCA O NEGRA ,,PUEBLA LODERAS ,,PJ,,GUILLERMO ,,,
,2,FLEJE ,,JAIRO ,,,,,,,
,8,TORNILLO 1/4X1 ACERO INOXIDABLE ,TORNILLERIA DE LODERA,EL BENJA ,,FERRE PRECIOS ,,,,,
,1,QUINTA HOLLAND ,,PJ,,AZNOR ,,PROMARE,,,
,10,TORNILLO 5/8X 2 1/2 GRADO 8 ,TORNILLERIA DE QUINTA ,EL BENJA ,,FERRE PRECIOS ,,,,,
,10,TUERCA GRIPCO 5/8,TORNILLERIA DE QUINTA ,EL BENJA ,,FERRE PRECIOS ,,,,,
,1,KIT DE ROTULACION ,,PUEBLA LODERAS ,,PJ,,GUILLERMO ,,,
,1,CINTA REFLEJANTE ,,PUEBLA LODERAS ,,PJ,,GUILLERMO ,,,
,1,PLACA DE NIP ,,GUILLERMO ,,,,,,,
,3 M,CADENA 1/2,CADENA DE ARRASTE,EL BENJA ,,FERRE PRECIOS ,,,,,
,1,GANCHO AMARILLO ,CADENA DE ARRASTE,EL BENJA ,,FERRE PRECIOS ,,,,,
,2,TORNILLO 5/8X 2 1/2 GRADO 8 ,CADENA DE ARRASTE,EL BENJA ,,FERRE PRECIOS ,,,,,
,1,TORNILLO 5/8X 3 GRADO 8 ,CADENA DE ARRASTE,EL BENJA ,,FERRE PRECIOS ,,,,,
EXTRAS ,20,ESLABONES DE CADENA 1/2,RETRACTIL GRANDE HECHIZO ,EL BENJA ,,FERRE PRECIOS ,,,,,
,1,TORNILLO 5/8*3 GRADO 8 ,RETRACTIL GRANDE HECHIZO ,EL BENJA ,,FERRE PRECIOS ,,,,,
,1,TORNILLO 5/8*5 GRADO 8 ,RETRACTIL GRANDE HECHIZO ,EL BENJA ,,FERRE PRECIOS ,,,,,
,1,TORNILLO 3/4*6 GRADO 8 ,RETRACTIL GRANDE HECHIZO ,EL BENJA ,,FERRE PRECIOS ,,,,,
,8,RIN DE ACERO FLET MASTER ,,PJ,,AZNOR ,,,,,
,8,LLANTA K PATOS LINEAL ,,PJ,,,,,,,
PLANA 40 FT ,,,,,,,,,,,
PROCESO ,CANTIDAD ,PRODUCTOS ,ESTATUS ,PROVEEDOR 1,PRECIO,PROVEEDOR 2,PRECIO,PROVEEDOR 3,PRECIO,PROVEEDOR 4,PRECIO
,1,CONSUMIBLE 65,,EL BENJA ,,FERREPECIO ,,,,,
,2,DISCO DE DESBASTE 9,,EL BENJA ,,FERREPECIO ,,,,,
,1,CO2,,EL BENJA ,,,,,,,
,3,ROLLO DE MICRO ALAMBRE,CHASIS ,EL BENJA ,,FERREPECIO ,,,,,
,4,ROLLO DE SOLIDO ,TINA ,,,,,,,,
,5,DISCO DE CORTE 7,,EL BENJA ,,FERREPECIO ,,,,,
,1,PERNO REY 3/8,,PJ,,PROMARE,,AZNOR,,,
,7,CO2,,EL BENJA ,,,,,,,
,7,OXIGENO ,,EL BENJA ,,,,,,,
,5,DISCO LAMINADO 7,,EL BENJA ,,FERREPECIO ,,,,,
,2,DISCO DE CORTE 14,,EL BENJA ,,FERREPECIO ,,,,,
,1,"ESPARRAGO DE 1""",PUERTA DE LA GONDOLA ,EL BENJA ,,FERREPECIO ,,,,,
,4,"TUERCA ESTANDAR 1""",PUERTA DE LA GONDOLA ,EL BENJA ,,FERREPECIO ,,,,,
,2,TORNILLO 1X2 1/2 GRADO 8,PUERTA DE LA GONDOLA ,EL BENJA ,,FERREPECIO ,,,,,
,2,"TUERCA DE SEGURIDAD 1""",PUERTA DE LA GONDOLA ,EL BENJA ,,FERREPECIO ,,,,,
,1 PZA,TIPO DE SISTEMA RETRACTIL ,,,,,,,,,
,1,SISTEMA RETRACTIL GRANDE ,SUSPENSION ALTA ,PJ,,PROMARE,,AZNOR,,CADECO,
,1,SISTEMA RETRACTIL CHICO ,SUSPENSION NORMAL,PJ,,PROMARE,,AZNOR,,CADECO,
,2 PARES ,TIPO DE SUSPENSION ,,,,,,,,,
,1 SUSPENSION HENDRICKSON HT300US ( SUSPENSION ALTA) COMPONENTE ,,,,,,,,,,
,2,PIERNAS IZQUIERDA Y DERECHA ,COMPONENTE,PJ,,PROMARE,,AZNOR,,,
,2,PLATOS IZQUIERDO Y DERECHO ,COMPONENTE,PJ,,PROMARE,,AZNOR,,,
PASO 6 ,2,TORNILLO ALLEN 1/2X1 1/2 ,PORTA LLANTA ,EL BENJA ,,FERREPRECIOS ,,,,,
,2,TUERCA ESTANDAR 1/2 GRADO 5,PORTA LLANTA ,EL BENJA ,,FERREPRECIOS ,,,,,
,44,TORNILLO 5/8X1 1/2 GRADO 5 ,2 PARES DE PATINES ,EL BENJA ,,FERREPRECIOS ,,,,,
,44,TUERCA ESTANDAR 5/8 GRADO 5,2 PARES DE PATINES ,EL BENJA ,,FERREPRECIOS ,,,,,
,2 PARES ,TIPO DE PATIN ,,,,,,,,,
,2,PATIN AMPRO ,,PROMARE ,,,,,,,
,2,PATIN HOLAND MARK V ,,PJ,,AZNOR,,PROMARE,,,
,2,PATIN HJ ,,PJ,,AZNOR,,,,,
,2,PATIN FLET MASTER ,,PJ,,AZNOR,,,,,
,2 PZA,TIPO DE EJE ,,,,,,,,,
,2,EJE FLET MASTER ,,PJ,,AZNOR,,,,,
,2,EJE AMPRO ,,PJ,,AZNOR,,,,,
LIMPIEZA ,2,LIJA #80,,EL BENJA ,,FERREPRECIOS ,,,,,
,1,"CARDA 5/8 DE 3""",,EL BENJA ,,FERREPRECIOS ,,,,,
,1,DISCO LAMINADO 4 1/2,,EL BENJA ,,FERREPRECIOS ,,,,,
,1 L,FOSFATO ,,AXALTA ,,,,,,,
PINTURA ,,TIPO DE PINTURA ,,,,,,,,,
,,PINTURA SHERVI ,,,,,,,,,
,19,PINTURA TINA ,,LA NUEVA ESTRELLA,,,,,,,
,10,PINTURA CHASIS ,,LA NUEVA ESTRELLA,,,,,,,
,35,THINER ,,LA NUEVA ESTRELLA,,,,,,,
,8,TRANSPARENTE ,,LA NUEVA ESTRELLA,,,,,,,
AIRE ,1,KIT ABS ,,,,,,,,,
,1,REDUCCION  3/4 * 1/2,,PRAT MAX ,,TSM,,,,,
,3,REDUCCION  3/8 * 1/4,,PRAT MAX ,,TSM,,,,,
,1,NIPLE 1/4,,PRAT MAX ,,TSM,,,,,
,1,TAPON 3/4,,PRAT MAX ,,TSM,,,,,
,1,TAPON 1/2,,PRAT MAX ,,TSM,,,,,
,3,TAPON 1/4 SUSPENSION FM + 4,,PRAT MAX ,,TSM,,,,,
,2,TAPON 1/8,,PRAT MAX ,,TSM,,,,,
,2,TE UNIO 3/8,,PRAT MAX ,,TSM,,,,,
,8,TE LATERAL 3/8*1/4,,PJ,,PRAT MAX ,,,,,
,2,TE CENTRO O LATERAL 3/8*1/4,,PJ,,PRAT MAX ,,,,,
,6,RECTA 3/8*1/4,,PJ,,PRAT MAX ,,,,,
,14,CODO 3/8*1/4,,PJ,,PRAT MAX ,,,,,
,4,CODO 3/8*1/8,,PJ,,PRAT MAX ,,,,,
,2,CODO 3/8 +1 (SI LLEVA GANCHO),,PRAT MAX ,,TSM,,,,,
,2,CODO 1/2,,PRAT MAX ,,TSM,,,,,
,8,ADAPTADOR 3/8,,PJ,,PRAT MAX ,,,,,
,8,MACHO 3/8,,PJ,,PRAT MAX ,,,,,
,8,HEMBRA 3/8,,PJ,,PRAT MAX ,,,,,
,1,KIT DE ABS 2 EJES BENDIX,,PJ,,PRAT MAX ,,,,,
,1,VALVULA PROTECTORA,,PJ,,PRAT MAX ,,,,,
,1,VALVULA NIVELADORA,,PJ,,PRAT MAX ,,,,,
,2,VALVULA PALANQUETA ,,PJ,,PRAT MAX ,,,,,
,1,VARILLA NIVELADORA,,PJ,,PRAT MAX ,,,,,
,1,VALVULA RETRACTIL SEALCO,,PJ,,PRAT MAX ,,,,,
,1,MANITA AZUL C/LLAVE SI TIENE GANCHO ,,PJ,,PRAT MAX ,,,,,
,1,MANITA ROJA C/LLAVE SI TIENE GANCHO,,PJ,,PRAT MAX ,,,,,
,1,MANITA AZUL S/LLAVE ,,PJ,,PRAT MAX ,,,,,
,1,MANITA ROJA S/LLAVE ,,PJ,,PRAT MAX ,,,,,
,2,ESPARRAGO ,,PJ,,PRAT MAX ,,,,,
,2,TEFLON DE 13 METROS ,,PJ,,PRAT MAX ,,,,,
,20,INCERTO 3/8,,PJ,,PRAT MAX ,,,,,
,2,INCERTO 1/2,,PJ,,PRAT MAX ,,,,,
,38,MANGUERA AZUL 3/8,,PJ,,PRAT MAX ,,,,,
,13,MANGUERA ROJA 3/8,,PJ,,PRAT MAX ,,,,,
,9,MANGUERA CHAMBER 3/8,,PJ,,PRAT MAX ,,,,,
,8,TORNILLO 3/8 X 1 1/4 GRADO 8 ,,EL BENJA ,,FERREPRECIOS ,,,,,
,8,TUERCA DE SEGURIRAD 3/8,,EL BENJA ,,FERREPRECIOS ,,,,,
,8,RONDANA PLANA 3/8,,EL BENJA ,,FERREPRECIOS ,,,,,
,2,TORNILLO 5/16 X5 GRADO 8,,EL BENJA ,,FERREPRECIOS ,,,,,
,4,RONDANA PLANA 5/16,,EL BENJA ,,FERREPRECIOS ,,,,,
,2,TUERCA DE SEGURIDAD 5/16,,EL BENJA ,,FERREPRECIOS ,,,,,
,2,TANQUE DE AIRE DE PLANA ,,PJ,,PRAT MAX ,,,,,
,,TIPO DE GANCHO ,,,,,,,,,
,1,GANCHO HOLLAND 10 BARRENOS ,,PJ,,AZNOR ,,PROMARE,,,
,1,GANCHO PREMIER 10 BARRENOS ,,PJ,,AZNOR ,,PROMARE,,,
,1,GANCHO PREMIER BESTIA 6 BARRENOS ,,PJ,,AZNOR ,,PROMARE,,,
,2,TORNILLO 3/4X3 1/2 GRADO 8 ,KIT DE GANCHO ,EL BENJA ,,FERREPRECIOS,,,,,
,6,TORNILLO 3/4X 2 1/2 GRADO 8,KIT DE GANCHO ,EL BENJA ,,FERREPRECIOS,,,,,
,8,TUERCA GRIPCO 3/4,KIT DE GANCHO ,EL BENJA ,,FERREPRECIOS,,,,,
,2,RONDANA AUTOMOTRIZ 3/4,KIT DE GANCHO ,EL BENJA ,,FERREPRECIOS,,,,,
,,TIPO DE BOLSA RETRACTIL ,,,,,,,,,
,1,BOLSA RETRACTIL GRANDE ,PARA SISTEMA RETRACTIL GRANDE ,PJ,,AZNOR ,,PROMARE,,,
,8,TUERCAS DE SEGURIDAD 1/2,PARA SISTEMA RETRACTIL GRANDE ,EL BENJA ,,FERREPRECIOS,,,,,
,2,BOLSA RETRACTIL CHICA UBL ,PARA SISTEMA RETRACTIL CHICO ,PJ,,AZNOR ,,PROMARE,,,
LUZ,2,HEMBRA 7 POLOS ,,PJ,,AZNOR ,,PROMARE,,,
,2,TORNILLO 1/4X1 GALVANIZADO ,,EL BENJA ,,FERREPRECIOS,,,,,
,2,RONDANA PLANA 5/16 ,,EL BENJA ,,FERREPRECIOS,,,,,
,2,TUERCA ESTANDAR 1/4,,EL BENJA ,,FERREPRECIOS,,,,,
,15.9,"CABLE AZUL CAL,12 ",,ELECTROMOTRIZ  GONZALEZ ,,,,,,,
,17.3,"CABLE ROJO CAL,12 ",,ELECTROMOTRIZ  GONZALEZ ,,,,,,,
,22,"CABLE AMARILLO CAL,12 ",,ELECTROMOTRIZ  GONZALEZ ,,,,,,,
,22,"CABLE VERDE CAL,12 ",,ELECTROMOTRIZ  GONZALEZ ,,,,,,,
,28.5,"CABLE CAFÉ CAL,12 ",,ELECTROMOTRIZ  GONZALEZ ,,,,,,,
,15.9,"CABLE NEGRO  CAL,12 ",,ELECTROMOTRIZ  GONZALEZ ,,,,,,,
,14.5,CORRUGADO 1/2,,ELECTROMOTRIZ  GONZALEZ ,,,,,,,
,2.8,CORRUGADO 3/8,,ELECTROMOTRIZ  GONZALEZ ,,,,,,,
,21.8,CORRUGADO 1/4,,ELECTROMOTRIZ  GONZALEZ ,,,,,,,
,19,TERMINAL 3/16,PLAFONES PRINCIPALES,ELECTROMOTRIZ  GONZALEZ ,,,,,,,
,2,TERMINAL 1/4,HEMBRAS ,ELECTROMOTRIZ  GONZALEZ ,,,,,,,
,51,REMACHE 3/16 X 5/8,,EL BENJA ,,WURTH,,FERREPRECIOS ,,,
,1,CINTA DE AISLAR ,,EL BENJA ,,PJ,,,,,
,6,PLAFON ROJO 4 ,,TROGRIM ,,,,,,,
,3,PLAFON ROJO 2 ,,TROGRIM ,,,,,,,
,10,PLAFON AMBAR 2 ,,TROGRIM ,,,,,,,
TERMINADO ,2,LODERA BLANCA O NEGRA ,,PUEBLA LODERAS ,,PJ,,GUILLERMO ,,,
,2,FLEJE ,,JAIRO ,,,,,,,
,8,TORNILLO 1/4X1 ACERO INOXIDABLE ,TORNILLERIA DE LODERA,EL BENJA ,,FERRE PRECIOS ,,,,,
,8,TUERCA DE SEGURIDAD 1/4,TORNILLERIA DE LODERA,EL BENJA ,,FERRE PRECIOS ,,,,,
,2,WINCHES ,,PJ,,AZNOR,,PROMARE,,,
,1,KIT DE ROTULACION ,,PUEBLA LODERAS ,,PJ,,GUILLERMO ,,,
,1,CINTA REFLEJANTE ,,PUEBLA LODERAS ,,PJ,,GUILLERMO ,,,
,1,PLACA DE NIP ,,GUILLERMO ,,,,,,,
,4,TORNILLO 1/4X1 ACERO INOXIDABLE ,TORNILLERIA DE PORTA PLACA ,EL BENJA ,,FERRE PRECIOS ,,,,,
,4,TUERCA DE SEGURIDAD 1/4,TORNILLERIA DE PORTA PLACA ,EL BENJA ,,FERRE PRECIOS ,,,,,
,,TIPO DE RINES 24,5 Y 22,5,,,,,,,,,
,8,RIN DE ACERO FLET MASTER ,,PJ,,AZNOR ,,,,,
,8,RIN DE ACERO ACURRAI ,,RADIAL LLANTAS ,,,,,,,
,8,RIN DE ACERO AMPRO ,,PROMARE ,,,,,,,
,,TIPO DE LLANTAS  24,5 Y 22,5,,,,,,,,,
,8,LLANTA K PATOS LINEAL ,,PJ,,,,,,,
,8,LLANTA K PATOS TRACCION ,,PJ,,,,,,,
,8,LLANTA FIRESTON LINEAL ,,RADIAL LLANTAS ,,EL POTRERO,,,,,
,8,LLANTA GODSHIELD LINEAL ,,RADIAL LLANTAS ,,EL POTRERO,,,,,
EXTRAS ,,,,,,,,,,,
,20,ESLABONES DE CADENA 1/2,RETRACTIL GRANDE HECHIZO ,EL BENJA ,,FERRE PRECIOS ,,,,,
,1,TORNILLO 5/8*3 GRADO 8 ,RETRACTIL GRANDE HECHIZO ,EL BENJA ,,FERRE PRECIOS ,,,,,
,1,TORNILLO 5/8*5 GRADO 8 ,RETRACTIL GRANDE HECHIZO ,EL BENJA ,,FERRE PRECIOS ,,,,,
,1,TORNILLO 3/4*6 GRADO 8 ,RETRACTIL GRANDE HECHIZO ,EL BENJA ,,FERRE PRECIOS ,,,,,
,1,TUERCA DE SEGURIDAD 3/4,RETRACTIL GRANDE HECHIZO ,EL BENJA ,,FERRE PRECIOS ,,,,,
,2,RONDANA AUTOMOTRIZ 3/4,RETRACTIL GRANDE HECHIZO ,EL BENJA ,,FERRE PRECIOS ,,,,,
,2,TUERCA DE SEGURIDAD 5/8,RETRACTIL GRANDE HECHIZO ,EL BENJA ,,FERRE PRECIOS ,,,,,
,2,RONDANA AUTOMOTRIZ 5/8,RETRACTIL GRANDE HECHIZO ,EL BENJA ,,FERRE PRECIOS ,,,,,
,2,TORNILLO 3/4 X 6 GRADO 8 ,AMORTIGUADOR DE ALTA ,EL BENJA ,,FERRE PRECIOS ,,,,,
,4,TUERCA DE SEGURIDAD 3/4,AMORTIGUADOR DE ALTA ,EL BENJA ,,FERRE PRECIOS ,,,,,
,2,TORNILLO 3/4 X 3  1/2 GRADO 8 ,AMORTIGUADOR DE ALTA ,EL BENJA ,,FERRE PRECIOS ,,,,,
,4,RONDANA AUTOMOTRIZ 3/4,AMORTIGUADOR DE ALTA ,EL BENJA ,,FERRE PRECIOS ,,,,,
,4,TE PIPA 3/8 CON MACHO A UN LADO ,SI ES 3 EJES ,PRAT MAX,,,,,,,
GONDOLA ACERO A-36,,,,,,,,,,,,,,,,,,,,,,,,
DESPIECE ACERO CHASIS,,,,,,,DESPIECE ACERO TINA,,,,,,,EQUIPAMIENTO,,,,,,,,,,
NOMBRE DEL MATERIAL,,DESCRIPCION,CANTIDAD,PRECIO UNITARIO,COSTO,,NOMBRE DEL MATERIAL,,DESCRIPCION,CANTIDAD,PRECIO UNITARIO,COSTO,,NOMBRE DEL MATERIAL,,DESCRIPCION,CANTIDAD,PRECIO UNITARIO,COSTO,,PRESUPUESTARIO DE GONDOLA,,,
Alma ,,"Placa de grado A-50 Cal. 1/4""",2,12500,25000,,Vueltas traseras,,"Placa hardox Cal. 3/16""",4,4510,18040,,Perno Rey,,"Perno rey Holland 3/8""",1,1200,1200,,COSTO DE TINA,,,167505.76
Soleras ,,"Solera de grado A-529 a 1/2"" X 6"" ",4,7304,29216,,Cuellos,,"Placa hardox Cal. 3/16""",2,2430,4860,,Suspensión ,,Fleet Master HT-300,0,23118,0,,EQUIPAMIENTO,,,290094.93999999994
Puentes de suspensión,,"Placa de grado A-36 Cal. 1/4""",9,700,6300,,Vueltas frontales,,"Placa hardox Cal. 3/16""",2,3670,7340,,,,Ampro,0,23118,0,,SERVICIOS Y SUELDOS,,,100000
Puentes intermedios,,"Placa de grado A-36 Cal. 1/4""",4,600,2400,,Placas laterales para tina,,"Placa de grado A-36 Cal. 3/16""",6,3200,19200,,,,Hendrickson,0,35844,0,,IVA,,,43430.8352
Puentes para patines,,"Placa de grado A-36 Cal. 3/16""",2,440,880,,Bisera,,"Placa de grado A-36 Cal. 1/4""",1,1490,1490,,,,Hendrickson Alta,,46783.62,0,,TOTAL,,,704968.49519999989
Cartabon para puente de patin,,"Placa de grado A-36 Cal. 1/4""",2,300,600,,Postes para gato,,"Placa de grado A-36 Cal. 1/4""",2,2620,5240,,,,HJ,2,25000,50000,,,,,
Puentes para plancha,,"Placa de grado A-36 Cal. 1/4""",3,700,2100,,Borda trasera,,"Placa de grado A-36 Cal. 3/16""",1,1690,1690,,,,PHM,0,30000,0,,,,,
Borda delantera,,"Placa de grado A-36 Cal. 3/16""",1,480,480,,Resvalon ,,"Placa de grado A-36 Cal. 3/16""",1,980,980,,Ejes,,Ampro,0,21692,0,,,,,
Plancha,,"Placa de grado A-36 Cal. 3/8""",1,3235,3235,,Poste trasero,,"Placa de grado A-36 Cal. 3/16""",2,2090,4180,,,,Fleet Master,2,19905.6,39811.2,,,,,
Atisador,,"Solera de grado A-36 a 3/8"" X 2""",6,40,240,,Charola,,"Placa de grado A-36 Cal. 3/16""",1,1500,1500,,Patines,,Ampro,0,5916,0,,,,,
Atisador,,"Solera de grado A-36 a 3/8"" X 2""",18,75,1350,,Aletas traseras,,Placa de grado A-36 Cal. 10,2,610,1220,,,,HJ,2,5646.88,11293.76,,,,,
Kit de pernos,,,1,13000,13000,,Cartabon para gato,,Placa de grado A-36 Cal. 10,4,80,320,,,,Holland,0,17980,0,,,,,
Base para tanques,,"Placa de grado A-36 Cal. 1/4""",4,77,308,,Piso,,"Placa de grado A-36 Cal. 1/4""",1,11500,11500,,Kit de tornilleria,,Para patines,44,15,660,,,,,
Jalon,Placa base,"Placa de grado A-36 Cal. 1/2""",1,2500,2500,,Placa frontal,,"Placa de grado A-36 Cal. 1/4""",1,5785,5785,,Chanclas,,"Placa de grado A-36 Cal. 1/4""",0,1625,0,,,,,
,Refuerzo,"Placa de grado A-36 Cal. 3/8""",1,600,600,,Placa para tapa,,"Placa de grado A-36 Cal. 1/4""",1,6500,6500,,Gancho,,Holland,1,6844,6844,,,,,
,Cartabones,,2,400,800,,Refuerzo para poste,,"Placa de grado A-36 Cal. 1/4""",20,155,3100,,,,Premier,0,11890,0,,,,,
Base para estribo,Placa,"Placa de grado A-36 Cal. 1/4""",1,130,130,,Ganchos para lonas,,"Redondo de 1/2""",26,6.3,163.79999999999998,,,,Bestia,0,28040.98,0,,,,,
,Solera frontal,,2,170,340,,Escalera,Tubos,Tubo Mec. 3/4 Ced. 40,10,33,330,,Kit de tornilleria,,Para Gancho,1,49,49,,,,,
,Solera posterior,,2,65,130,,,Solera,"Solera 3/8 X 2""",2,390,780,,Kit de aire,,2 ejes sin retractil,0,22000,0,,,,,
Estribo,,"PTR 4X4""",1,1050,1050,,Base para chamber,Placa,"Placa de grado A-36 Cal. 1/4""",2,150,300,,,,2 ejes 1 retractil,1,26700,26700,,,,,
C para gato,,"Placa de grado A-36 Cal. 3/8""",4,350,1400,,,Tornilleria,,1,100,100,,,,3 ejes 1 retractil,0,27200,0,,,,,
Base para manitas,,"Placa de grado A-36 Cal. 1/4""",1,101,101,,,CHAMBER,,2,460,920,,,,3 ejes 2 retractil,0,30500,0,,,,,
Porta loderas,,Placa de grado A-36 Cal. 10,2,380,760,,Botas para tapa,,"Placa de grado A-36 Cal. 1/2""",2,230,460,,Tanque para aire,,,2,1050,2100,,,,,
U para jalon,,"Redondo de 1""",1,102,102,,Bases para tapa,,"Placa de grado A-36 Cal. 1/4""",4,50,200,,Sistema retractil,,UBL,0,15000,0,,,,,
Base para perchas,,"Solera de grado A-36 a 1/2"" x 6""",6,234,1404,,Tornilleria para tapa,,,1,103,103,,,,Paleta,1,15000,15000,,,,,
Base para platos,,"Solera de grado A-36 a 1/2"" x 3""",6,67,402,,Seguro para puerta,,"Placa de grado A-36 Cal. 1/2""",2,95,190,,Kit de luz,,,1,8500,8500,,,,,
Tapa para perno rey,,"Canal u 6""",1,100,100,,Puera,,"PTR 3X3"" a 1.8m",3,562.99,1688.97,,Piston,,,1,55825,55825,,,,,
Base para patines,Placas ,"Placa de grado A-36 Cal. 1/4""",8,52.6,420.8,,,,"PTR 1 1/2 X 3"" a 1.1m",4,153.5,614,,Rollo de micro tubular,,,3,995,2985,,,,,
,Solera,"Solera de grado A-36 a 3/8"" x 2""",8,23.4,187.2,,,,"PTR 3X3"" a 2.5m",2,782,1564,,Rollo de solido,,,2,995,1990,,,,,
Base para foco de ABS,,"Placa de grado A-36 Cal. 1/4""",1,22.6,22.6,,,,"Redondo 1"" a 30cm",2,200,400,,Tanque de CO2,,,3,925,2775,,,,,
Base para ABS,,"Placa de grado A-36 Cal. 1/4""",1,28,28,,HSS inferior,,"Hss 4 X 6"" en 3/16 ",2,11000,22000,,Consumibles,,,2,550,1100,,,,,
Porta placas,,Placa de grado A-36 Cal. 10,1,45,45,,Brasos frontales,,"Hss 4 X 6"" en 1/4 a 1.8m",2,1680,3360,,Kit de limpieza,,,1,750,750,,,,,
Heraje para patines,110cm,"Placa de grado A-36 Cal. 3/16""",2,196.99,393.98,,Brasos traseros,,"Hss 4 X 6"" en 3/16 a 2.1m",6,2000,12000,,Praimer,,,1,10000,10000,,,,,
,125cm,,2,223.99,447.98,,Hss superior,,"Hss 4 X 6"" en 3/16",2,11000,22000,,Pintura,,Color estandar, 1 1/2 Cubeta,12000,,,,,,
,70cm,,2,124.99,249.98,,Refuerzo interno de tina,,"Hss 4 X 6"" en 3/16 a 96cm",5,882,4410,,,,Color metalico, 1 1/2 Cubeta,15000,15000,,,,,
,67cm,,4,119.99,479.96,,Hss frontal,,"Hss 4 X 6"" en 3/16",1,2388.99,2388.99,,,,Color claro,2 1/2 Cubetas,19000,0,,,,,
,23cm,,2,41.99,83.98,,Paloma para la puerta,Placa,"Placa de grado A-36 Cal. 1/2""",2,55,110,,Rines,,Acero,8,1550,12400,,,,,
,7cm,"Solera de grado A-36 a 1/2"" x 3""",2,23.99,47.98,,,Redondo,"Redondo 1/2""",4,50,200,,,,Aluminio,0,5500,0,,,,,
,27cm,,2,90.99,181.98,,,Tornilleria,,2,19,38,,Llantas,,China,8,3000,24000,,,,,
,30cm,,2,100.99,201.98,,,Esparrago,,2,120,240,,,,Firestone,0,8700,0,,,,,
,Buchaca,"Placa de grado A-36 Cal. 1/4""",4,40.99,163.96,,Salpicaderas,Salpicadera de aluminio,,0,3500,0,,,,Amulet,0,4225,0,,,,,
Porta Llantas,,"Placa de grado A-36 Cal. 1/4""",4,87.99,351.96,,,Bases,,0,110,0,,Loderas,,Lodera blanca,2,303.99,607.98,,,,,
,,"Placa de grado A-36 Cal. 1/4""",2,275.99,551.98,,,Kit de tornilleria,,0,150,0,,,,Lodera negra,0,832,0,,,,,
,,"Solera de grado A-36 a 1/2"" x 3""",2,738.99,1477.98,,,,,,,,,,,Flejes,2,232,464,,,,,
,,"Redondo de 1""",2,400,800,,,,,,,,,,,Tornilleria,8,5,40,,,,,
Tubos para cableado,,"Tubo de 1 1/2"" Ced. 40",20,10.99,219.8,,,,,,,,,,,,,,,,,,,
Chamber para puertas,,,2,487.99,975.98,,,,,,,,,,,,,,,,,,,
Refuerzo truza,,"Placa de grado A-36 Cal. 1/4""",12,82.99,995.87999999999988,,,,,,,,,,,,,,,,,,,
Cajon para casquillo trasero,,"Placa de grado A-36 Cal. 1/4""",2,340,680,,,,,,,,,,,,,,,,,,,
